Fund Name,P1,P2,P3,P4,Topsis Score,Rank
M1,0.67,0.45,6.5,12.56,0.1528186711697025,5
M2,0.6,0.38,6.3,14.47,0.2320114160832138,4
M3,0.82,0.67,3.8,17.1,1.0,1
M4,0.75,0.5,4.5,13.8,0.47108605027572564,3
M5,0.68,0.55,5.2,15.25,0.5415309331961871,2
